Image,Original_Width,Original_Height,Original_Resolution,Output_Width,Output_Height,Output_Resolution,Channels,Megapixels,Raw_Size_Bytes,Input_Image_Size_MB,Compressed_File_Size_KB,Scale_Factor,baseline_ms
0001.jpg,2496,1408,2496x1408,1248,704,1248x704,3,3.514,10543104,10.055,1342.83,0.5,169.858
0002.jpg,2608,1472,2608x1472,1304,736,1304x736,3,3.839,11516928,10.983,1078.6,0.5,193.766
0003.jpg,2704,1520,2704x1520,1352,760,1352x760,3,4.11,12330240,11.759,1004.82,0.5,199.775
0004.jpg,2816,1584,2816x1584,1408,792,1408x792,3,4.461,13381632,12.762,2213.63,0.5,224.551
0005.jpg,2912,1632,2912x1632,1456,816,1456x816,3,4.752,14257152,13.597,2054.78,0.5,245.905
0006.jpg,3008,1696,3008x1696,1504,848,1504x848,3,5.102,15304704,14.596,1200.36,0.5,245.01
0007.jpg,3104,1744,3104x1744,1552,872,1552x872,3,5.413,16240128,15.488,1465.23,0.5,270.605
0008.jpg,3184,1792,3184x1792,1592,896,1592x896,3,5.706,17117184,16.324,952.72,0.5,280.656
0009.jpg,3280,1840,3280x1840,1640,920,1640x920,3,6.035,18105600,17.267,2447.78,0.5,299.887
0010.jpg,3360,1888,3360x1888,1680,944,1680x944,3,6.344,19031040,18.149,2042.87,0.5,316.705
0011.jpg,3440,1936,3440x1936,1720,968,1720x968,3,6.66,19979520,19.054,2301.98,0.5,329.803
0012.jpg,3520,1984,3520x1984,1760,992,1760x992,3,6.984,20951040,19.98,1993.18,0.5,337.095
0013.jpg,3600,2032,3600x2032,1800,1016,1800x1016,3,7.315,21945600,20.929,2682.52,0.5,361.846
0014.jpg,3680,2064,3680x2064,1840,1032,1840x1032,3,7.596,22786560,21.731,3125.76,0.5,372.222
0015.jpg,3760,2112,3760x2112,1880,1056,1880x1056,3,7.941,23823360,22.72,1959.84,0.5,390.776
0016.jpg,3840,2160,3840x2160,1920,1080,1920x1080,3,8.294,24883200,23.73,2377.13,0.5,404.431
0017.jpg,3904,2192,3904x2192,1952,1096,1952x1096,3,8.558,25672704,24.483,5494.4,0.5,434.892
0018.jpg,3984,2240,3984x2240,1992,1120,1992x1120,3,8.924,26772480,25.532,6884.48,0.5,448.575
0019.jpg,4048,2272,4048x2272,2024,1136,2024x1136,3,9.197,27591168,26.313,6057.71,0.5,452.658
0020.jpg,4112,2320,4112x2320,2056,1160,2056x1160,3,9.54,28619520,27.294,7201.97,0.5,476.223
0021.jpg,4192,2352,4192x2352,2096,1176,2096x1176,3,9.86,29578752,28.208,6138.57,0.5,495.913
0022.jpg,4256,2384,4256x2384,2128,1192,2128x1192,3,10.146,30438912,29.029,6337.13,0.5,507.018
0023.jpg,4320,2432,4320x2432,2160,1216,2160x1216,3,10.506,31518720,30.059,6067.74,0.5,530.263
0024.jpg,4384,2464,4384x2464,2192,1232,2192x1232,3,10.802,32406528,30.905,5009.45,0.5,548.505
0025.jpg,4448,2496,4448x2496,2224,1248,2224x1248,3,11.102,33306624,31.764,6185.45,0.5,565.95
0026.jpg,4512,2544,4512x2544,2256,1272,2256x1272,3,11.479,34435584,32.84,5503.6,0.5,566.298
0027.jpg,4576,2576,4576x2576,2288,1288,2288x1288,3,11.788,35363328,33.725,5144.27,0.5,575.069
0028.jpg,4640,2608,4640x2608,2320,1304,2320x1304,3,12.101,36303360,34.622,6426.14,0.5,606.974
0029.jpg,4688,2640,4688x2640,2344,1320,2344x1320,3,12.376,37128960,35.409,5796.38,0.5,632.672
0030.jpg,4752,2672,4752x2672,2376,1336,2376x1336,3,12.697,38092032,36.327,5777.09,0.5,648.029
0031.jpg,4816,2704,4816x2704,2408,1352,2408x1352,3,13.022,39067392,37.258,6167.93,0.5,653.635
0032.jpg,4864,2736,4864x2736,2432,1368,2432x1368,3,13.308,39923712,38.074,6550.05,0.5,661.433
0033.jpg,4928,2768,4928x2768,2464,1384,2464x1384,3,13.641,40922112,39.026,8436.94,0.5,690.457
0034.jpg,4992,2800,4992x2800,2496,1400,2496x1400,3,13.978,41932800,39.99,8152.03,0.5,689.67
0035.jpg,5040,2832,5040x2832,2520,1416,2520x1416,3,14.273,42819840,40.836,7054.71,0.5,724.447
0036.jpg,5104,2864,5104x2864,2552,1432,2552x1432,3,14.618,43853568,41.822,6060.27,0.5,718.939
0037.jpg,5152,2896,5152x2896,2576,1448,2576x1448,3,14.92,44760576,42.687,9955.81,0.5,747.3
0038.jpg,5200,2928,5200x2928,2600,1464,2600x1464,3,15.226,45676800,43.561,8211.26,0.5,770.1
0039.jpg,5264,2960,5264x2960,2632,1480,2632x1480,3,15.581,46744320,44.579,9126.68,0.5,788.082
0040.jpg,5312,2992,5312x2992,2656,1496,2656x1496,3,15.894,47680512,45.472,6259.0,0.5,803.172
0041.jpg,5360,3024,5360x3024,2680,1512,2680x1512,3,16.209,48625920,46.373,8485.12,0.5,808.132
0042.jpg,5424,3056,5424x3056,2712,1528,2712x1528,3,16.576,49727232,47.424,7464.24,0.5,813.405
0043.jpg,5472,3072,5472x3072,2736,1536,2736x1536,3,16.81,50429952,48.094,6584.7,0.5,839.181
0044.jpg,5520,3104,5520x3104,2760,1552,2760x1552,3,17.134,51402240,49.021,9125.35,0.5,872.899
0045.jpg,5568,3136,5568x3136,2784,1568,2784x1568,3,17.461,52383744,49.957,7871.72,0.5,889.567
0046.jpg,5632,3168,5632x3168,2816,1584,2816x1584,3,17.842,53526528,51.047,7541.25,0.5,895.91
0047.jpg,5680,3184,5680x3184,2840,1592,2840x1592,3,18.085,54255360,51.742,6570.83,0.5,902.926
0048.jpg,5728,3216,5728x3216,2864,1608,2864x1608,3,18.421,55263744,52.704,9537.84,0.5,940.319
0049.jpg,5776,3248,5776x3248,2888,1624,2888x1624,3,18.76,56281344,53.674,8074.41,0.5,942.447
0050.jpg,5824,3280,5824x3280,2912,1640,2912x1640,3,19.103,57308160,54.653,7922.16,0.5,955.932
0051.jpg,5872,3296,5872x3296,2936,1648,2936x1648,3,19.354,58062336,55.373,8107.67,0.5,977.168
0052.jpg,5920,3328,5920x3328,2960,1664,2960x1664,3,19.702,59105280,56.367,11793.55,0.5,989.994
0053.jpg,5968,3360,5968x3360,2984,1680,2984x1680,3,20.052,60157440,57.371,10194.44,0.5,1010.08
0054.jpg,6016,3376,6016x3376,3008,1688,3008x1688,3,20.31,60930048,58.107,8895.22,0.5,1045.5
0055.jpg,6064,3408,6064x3408,3032,1704,3032x1704,3,20.666,61998336,59.126,9826.34,0.5,1055.85
0056.jpg,6112,3440,6112x3440,3056,1720,3056x1720,3,21.025,63075840,60.154,7976.42,0.5,1059.7
0057.jpg,6160,3456,6160x3456,3080,1728,3080x1728,3,21.289,63866880,60.908,6881.59,0.5,1028.41
0058.jpg,6192,3488,6192x3488,3096,1744,3096x1744,3,21.598,64793088,61.792,6878.26,0.5,1083.62
0059.jpg,6240,3504,6240x3504,3120,1752,3120x1752,3,21.865,65594880,62.556,11359.72,0.5,1093.17
0060.jpg,6288,3536,6288x3536,3144,1768,3144x1768,3,22.234,66703104,63.613,9800.04,0.5,1142.87
0061.jpg,6336,3568,6336x3568,3168,1784,3168x1784,3,22.607,67820544,64.679,6960.23,0.5,1097.66
0062.jpg,6384,3584,6384x3584,3192,1792,3192x1792,3,22.88,68640768,65.461,12679.41,0.5,1118.68
0063.jpg,6416,3616,6416x3616,3208,1808,3208x1808,3,23.2,69600768,66.376,7174.36,0.5,1122.33
0064.jpg,6464,3632,6464x3632,3232,1816,3232x1816,3,23.477,70431744,67.169,12983.18,0.5,1168.22
0065.jpg,6512,3664,6512x3664,3256,1832,3256x1832,3,23.86,71579904,68.264,9881.86,0.5,1178.36
0066.jpg,6560,3680,6560x3680,3280,1840,3280x1840,3,24.141,72422400,69.067,10592.64,0.5,1130.3
0067.jpg,6592,3712,6592x3712,3296,1856,3296x1856,3,24.47,73408512,70.008,9319.49,0.5,1219.61
0068.jpg,6640,3728,6640x3728,3320,1864,3320x1864,3,24.754,74261760,70.822,7277.94,0.5,1219.45
0069.jpg,6688,3760,6688x3760,3344,1880,3344x1880,3,25.147,75440640,71.946,7260.43,0.5,1221.26
0070.jpg,6720,3776,6720x3776,3360,1888,3360x1888,3,25.375,76124160,72.598,7202.99,0.5,1256.86
0071.jpg,6768,3808,6768x3808,3384,1904,3384x1904,3,25.773,77317632,73.736,12572.36,0.5,1280.3
0072.jpg,6800,3824,6800x3824,3400,1912,3400x1912,3,26.003,78009600,74.396,9720.65,0.5,1289.77
0073.jpg,6848,3856,6848x3856,3424,1928,3424x1928,3,26.406,79217664,75.548,13879.87,0.5,1290.89
0074.jpg,6896,3872,6896x3872,3448,1936,3448x1936,3,26.701,80103936,76.393,13441.96,0.5,1327.24
0075.jpg,6928,3904,6928x3904,3464,1952,3464x1952,3,27.047,81140736,77.382,7080.96,0.5,1320.47
0076.jpg,6976,3920,6976x3920,3488,1960,3488x1960,3,27.346,82037760,78.237,3991.37,0.5,1332.69
0077.jpg,7008,3936,7008x3936,3504,1968,3504x1968,3,27.583,82750464,78.917,11061.13,0.5,1338.46
0078.jpg,7056,3968,7056x3968,3528,1984,3528x1984,3,27.998,83994624,80.104,8327.1,0.5,1380.66
0079.jpg,7088,3984,7088x3984,3544,1992,3544x1992,3,28.239,84715776,80.791,8055.58,0.5,1417.17
0080.jpg,7136,4016,7136x4016,3568,2008,3568x2008,3,28.658,85974528,81.992,9757.07,0.5,1431.0
0081.jpg,7168,4032,7168x4032,3584,2016,3584x2016,3,28.901,86704128,82.688,5334.35,0.5,1429.42
0082.jpg,7216,4048,7216x4048,3608,2024,3608x2024,3,29.21,87631104,83.572,10684.68,0.5,1447.27
0083.jpg,7248,4080,7248x4080,3624,2040,3624x2040,3,29.572,88715520,84.606,3838.79,0.5,1482.72
